,SAI,group
MG_1116,4.04,training
MG_70,2.64,training
MG_577,0.93,training
MG_332,1.86,training
MG_912,3.57,training
MG_215,4.35,training
MG_1133,3.42,training
MG_1098,4.81,training
MG_850,5.12,training
MG_488,0.31,training
MG_252,3.57,training
MG_848,4.35,training
MG_1066,2.59,training
MG_1489,5.86,training
MG_1415,1.55,training
MG_940,1.55,training
MG_143,2.48,training
MG_417,4.81,training
MG_369,2.79,training
MG_355,2.79,training
MG_327,2.33,training
MG_622,6.99,training
MG_1317,4.5,training
MG_698,3.42,training
MG_1067,4.66,training
MG_158,4.66,training
MG_1043,6.68,training
MG_361,3.88,training
MG_543,2.79,training
MG_155,2.17,training
MG_1301,2.79,training
MG_805,1.71,training
MG_101,2.95,training
MG_741,2.48,training
MG_916,1.71,training
MG_1112,3.73,training
MG_566,0.62,training
MG_863,5.28,training
MG_745,4.81,training
MG_279,1.86,training
MG_121,2.33,training
MG_1313,1.4,training
MG_387,3.42,training
MG_59,5.12,training
MG_1480,2.48,training
MG_56,2.17,training
MG_1051,3.73,training
MG_565,2.48,training
MG_1481,4.04,training
MG_324,1.55,training
MG_935,3.1,training
MG_788,2.17,training
MG_1298,5.28,training
MG_272,2.02,training
MG_419,2.02,training
MG_1120,2.02,training
MG_551,0.77,training
MG_119,1.55,training
MG_1297,1.71,training
MG_999,4.5,training
MG_907,0.0,training
MG_1236,0.15,training
MG_768,5.44,training
MG_216,1.4,training
MG_695,2.95,training
MG_1479,4.97,training
MG_713,6.21,training
MG_619,2.02,training
MG_96,1.08,training
MG_200,4.66,training
MG_413,3.73,training
MG_270,2.02,training
MG_582,0.93,training
MG_435,4.04,training
MG_703,3.88,training
MG_499,4.35,training
MG_1106,4.19,training
MG_915,1.55,training
MG_1444,2.95,training
MG_1319,5.75,training
MG_177,0.31,training
MG_1400,1.86,training
MG_610,0.77,training
MG_733,1.55,training
MG_1506,1.71,training
MG_757,2.15,training
MG_1428,4.35,training
MG_546,0.93,training
MG_957,3.57,training
MG_1071,2.64,training
MG_1062,3.57,training
MG_507,4.19,training
MG_1412,3.42,training
MG_627,3.1,training
MG_286,1.24,training
MG_1226,2.79,training
MG_1316,1.55,training
MG_731,2.48,training
MG_348,2.17,training
MG_1107,0.93,training
MG_462,1.55,training
MG_313,2.48,training
MG_824,3.88,training
MG_568,3.81,training
MG_615,0.62,training
MG_802,0.77,training
MG_1183,3.73,training
MG_1202,2.95,training
MG_283,2.02,training
MG_1090,2.95,training
MG_1447,8.87,training
MG_187,1.86,training
MG_1002,4.61,training
MG_661,3.1,training
MG_1433,2.33,training
MG_557,1.08,training
MG_371,3.88,training
MG_714,4.5,training
MG_925,4.35,training
MG_375,1.86,training
MG_784,1.24,training
MG_1345,3.88,training
MG_675,0.77,training
MG_550,3.42,training
MG_1069,-0.47,training
MG_210,3.88,training
MG_978,2.02,training
MG_660,1.4,training
MG_179,1.55,training
MG_1213,4.16,training
MG_301,2.64,training
MG_1050,2.02,training
MG_1163,4.5,training
MG_1495,0.62,training
MG_526,5.9,training
MG_289,2.33,training
MG_971,3.57,training
MG_112,0.15,training
MG_689,1.71,training
MG_975,2.33,training
MG_1164,3.26,training
MG_760,3.1,training
MG_1460,2.33,training
MG_1052,3.26,training
MG_393,1.71,training
MG_406,4.04,training
MG_1311,4.19,training
MG_591,2.48,training
MG_139,2.95,training
MG_902,0.32,training
MG_1130,1.86,training
MG_351,2.79,training
MG_342,3.1,training
MG_952,1.86,training
MG_52,0.62,training
MG_1011,4.66,training
MG_1406,1.24,training
MG_1490,1.55,training
MG_1407,3.1,training
MG_821,4.35,training
MG_1200,4.5,training
MG_333,3.42,training
MG_452,2.02,training
MG_1055,4.35,training
MG_1128,1.4,training
MG_726,3.1,training
MG_494,2.33,training
MG_903,0.93,training
MG_243,3.03,training
MG_592,4.04,training
MG_100,2.95,training
MG_269,2.64,training
MG_1240,3.45,training
MG_99,3.57,training
MG_917,3.57,training
MG_1394,3.42,training
MG_696,2.48,training
MG_763,2.79,training
MG_253,2.48,training
MG_1505,3.26,training
MG_904,2.79,training
MG_156,3.42,training
MG_1441,4.18,training
MG_1249,3.73,training
MG_1009,1.86,training
MG_1279,3.57,training
MG_811,3.73,training
MG_1510,7.92,training
MG_1442,2.33,training
MG_1471,3.26,training
MG_586,2.33,training
MG_687,2.33,training
MG_786,3.73,training
MG_1344,0.46,training
MG_1186,2.86,training
MG_1108,6.98,training
MG_942,3.26,training
MG_1015,2.02,training
MG_1294,1.71,training
MG_810,2.02,training
MG_127,1.4,training
MG_959,2.34,training
MG_456,4.04,training
MG_729,2.02,training
MG_642,3.57,training
MG_1395,5.84,training
MG_448,1.24,training
MG_1296,3.26,training
MG_979,2.95,training
MG_334,1.71,training
MG_1434,2.95,training
MG_478,2.48,training
MG_785,1.08,training
MG_666,1.55,training
MG_1425,4.81,training
MG_1458,1.08,training
MG_719,3.1,training
MG_1001,1.71,training
MG_657,2.02,training
MG_1292,1.71,training
MG_818,1.24,training
MG_1024,5.12,training
MG_792,2.64,training
MG_71,3.42,training
MG_1203,3.73,training
MG_325,2.79,training
MG_211,3.1,training
MG_83,3.26,training
MG_230,4.5,training
MG_1036,1.37,training
MG_140,3.57,training
MG_1282,5.28,training
MG_349,2.53,training
MG_677,3.42,training
MG_1138,3.88,training
MG_1339,2.95,training
MG_595,2.33,training
MG_1497,2.33,training
MG_799,3.42,training
MG_1168,4.19,training
MG_720,2.64,training
MG_323,2.79,training
MG_896,2.17,training
MG_868,3.88,training
MG_110,3.1,training
MG_701,1.4,training
MG_404,1.86,training
MG_823,3.88,training
MG_509,3.26,training
MG_353,2.48,training
MG_104,1.71,training
MG_973,3.73,training
MG_926,2.17,training
MG_728,4.35,training
MG_184,1.55,training
MG_80,2.95,training
MG_362,2.17,training
MG_718,3.57,training
MG_1074,3.45,training
MG_1190,4.04,training
MG_721,4.66,training
MG_322,2.02,training
MG_412,1.71,training
MG_65,1.08,training
MG_590,2.02,training
MG_424,4.19,training
MG_1225,4.97,training
MG_646,2.17,training
MG_62,2.48,training
MG_1290,4.19,training
MG_1047,1.4,training
MG_1199,1.71,training
MG_804,2.17,training
MG_251,1.08,training
MG_1198,2.17,training
MG_833,2.02,training
MG_1404,6.21,training
MG_842,3.57,training
MG_502,1.55,training
MG_640,2.33,training
MG_1167,3.1,training
MG_1054,2.64,training
MG_876,3.26,training
MG_626,2.33,training
MG_124,3.73,training
MG_1272,2.79,training
MG_781,2.79,training
MG_832,1.24,training
MG_629,4.19,training
MG_772,2.17,training
MG_1307,8.73,training
MG_312,1.86,training
MG_317,6.83,training
MG_1411,2.33,training
MG_755,1.08,training
MG_228,2.17,training
MG_506,3.88,training
MG_634,2.79,training
MG_293,1.4,training
MG_504,1.08,training
MG_1171,4.19,training
MG_547,2.79,training
MG_229,2.17,training
MG_1420,2.64,training
MG_254,4.19,training
MG_299,1.86,training
MG_752,2.79,training
MG_1239,2.95,training
MG_1427,2.64,training
MG_1293,3.57,training
MG_135,1.08,training
MG_316,2.64,training
MG_276,3.57,training
MG_596,0.15,training
MG_497,1.71,training
MG_609,2.79,training
MG_318,3.57,training
MG_1450,5.59,training
MG_965,3.42,training
MG_185,3.1,training
MG_1035,3.57,training
MG_93,6.68,training
MG_1340,2.64,training
MG_1448,2.33,training
MG_649,2.64,training
MG_1437,2.17,training
MG_221,2.79,training
MG_1242,3.42,training
MG_1270,2.17,training
MG_354,1.55,training
MG_671,2.17,training
MG_470,2.48,training
MG_326,2.17,training
MG_174,2.95,training
MG_1082,2.48,training
MG_986,2.48,training
MG_1041,2.33,training
MG_1300,0.0,training
MG_255,2.17,training
MG_1104,3.26,training
MG_1315,2.48,training
MG_700,2.95,training
MG_366,0.93,training
MG_1484,3.42,training
MG_1229,4.66,training
MG_723,3.08,training
MG_1332,1.55,training
MG_147,1.86,training
MG_887,2.02,training
MG_793,2.48,training
MG_487,1.71,training
MG_574,2.48,training
MG_392,2.02,training
MG_753,1.71,training
MG_943,4.19,training
MG_1027,3.57,training
MG_806,1.08,training
MG_480,2.17,training
MG_128,1.86,training
MG_1207,3.1,training
MG_724,1.24,training
MG_711,2.02,training
MG_1327,3.73,training
MG_556,2.48,training
MG_1337,3.88,training
MG_103,3.1,training
MG_589,1.71,training
MG_680,2.64,training
MG_813,2.64,training
MG_1173,2.95,training
MG_1341,4.19,training
MG_644,4.19,training
MG_498,2.33,training
MG_142,2.79,training
MG_430,2.02,training
MG_1473,2.48,training
MG_669,2.95,training
MG_1089,3.57,training
MG_800,2.02,training
MG_1080,2.79,training
MG_1266,2.64,training
MG_439,2.79,training
MG_331,2.48,training
MG_239,2.17,training
MG_1413,3.1,training
MG_647,1.86,training
MG_651,4.19,training
MG_936,2.64,training
MG_542,2.02,training
MG_314,2.02,training
MG_389,2.48,training
MG_767,2.33,training
MG_684,1.08,training
MG_563,3.42,training
MG_658,0.62,training
MG_827,2.95,training
MG_1073,2.95,training
MG_257,2.17,training
MG_947,4.66,training
MG_1218,2.33,training
MG_1022,2.95,training
MG_264,3.42,training
MG_982,2.17,training
MG_274,3.26,training
MG_838,3.73,training
MG_458,1.86,training
MG_510,4.5,training
MG_836,2.17,training
MG_261,3.73,training
MG_1334,3.57,training
MG_363,5.12,training
MG_409,2.48,training
MG_558,2.95,training
MG_852,2.95,training
MG_668,4.5,training
MG_854,3.42,training
MG_1115,2.02,training
MG_450,2.02,training
MG_1042,2.79,training
MG_182,3.1,training
MG_1179,2.64,training
MG_1474,2.33,training
MG_598,2.17,training
MG_1295,2.95,training
MG_682,2.64,training
MG_234,2.33,training
MG_149,1.08,training
MG_1310,1.86,training
MG_765,1.4,training
MG_871,2.33,training
MG_874,2.02,training
MG_1189,2.79,training
MG_715,2.48,training
MG_1016,2.95,training
MG_521,0.62,training
MG_1443,2.95,training
MG_625,2.02,training
MG_1195,0.93,training
MG_263,6.52,training
MG_222,4.35,training
MG_1046,2.79,training
MG_117,1.4,training
MG_108,2.33,training
MG_82,3.88,training
MG_1466,3.42,training
MG_455,-0.62,training
MG_1267,0.69,training
MG_636,2.64,training
MG_267,4.19,training
MG_438,1.86,training
MG_1161,3.42,training
MG_172,2.64,training
MG_601,4.97,training
MG_346,3.88,training
MG_63,3.1,training
MG_64,3.26,training
MG_377,2.17,training
MG_1472,3.26,training
MG_710,1.55,training
MG_891,2.17,training
MG_920,2.17,training
MG_468,1.4,training
MG_1144,2.48,training
MG_1321,1.4,training
MG_1230,2.33,training
MG_1459,3.1,training
MG_1498,1.71,training
MG_1492,4.35,training
MG_244,2.95,training
MG_1038,2.33,training
MG_178,2.79,training
MG_790,1.71,training
MG_1140,2.17,training
MG_1201,1.71,training
MG_569,2.79,training
MG_191,2.79,training
MG_154,2.48,training
MG_1409,2.17,training
MG_536,2.02,training
MG_1493,1.24,training
MG_1193,2.33,training
MG_382,1.4,training
MG_1414,1.24,training
MG_995,2.48,training
MG_55,2.64,training
MG_992,1.4,training
MG_748,0.77,training
MG_1121,2.02,training
MG_1306,2.48,training
MG_630,0.15,training
MG_927,1.86,training
MG_90,1.08,training
MG_1007,3.57,training
MG_1227,2.79,training
MG_864,3.57,training
MG_795,1.86,training
MG_654,2.79,training
MG_72,2.33,training
MG_894,2.48,training
MG_457,2.95,training
MG_383,4.19,training
MG_840,3.26,training
MG_1034,3.1,training
MG_771,2.02,training
MG_1078,5.44,training
MG_474,2.79,training
MG_637,2.48,training
MG_541,2.48,training
MG_994,1.4,training
MG_570,0.62,training
MG_722,5.44,training
MG_885,3.1,training
MG_1076,2.95,training
MG_822,2.95,training
MG_1253,3.73,training
MG_356,2.95,training
MG_650,4.97,training
MG_770,1.86,training
MG_347,3.42,training
MG_1430,3.26,training
MG_444,1.55,training
MG_492,2.02,training
MG_1021,0.93,training
MG_1250,1.08,training
MG_1152,3.57,training
MG_1223,1.55,training
MG_1209,3.1,training
MG_545,2.95,training
MG_330,4.04,training
MG_249,2.79,training
MG_436,3.42,training
MG_873,2.17,training
MG_304,0.77,training
MG_851,2.95,training
MG_441,0.62,training
MG_1159,2.17,training
MG_1204,1.86,training
MG_1096,0.31,training
MG_84,3.57,training
MG_866,1.71,training
MG_74,1.71,training
MG_989,2.64,training
MG_1053,1.55,training
MG_259,4.35,training
MG_92,4.35,training
MG_676,2.33,training
MG_454,1.55,training
MG_587,1.97,training
MG_712,3.9,training
MG_107,2.64,training
MG_855,1.92,training
MG_520,1.08,training
MG_1119,0.93,training
MG_180,2.48,training
MG_1403,5.59,training
MG_1219,1.55,training
MG_1134,4.5,training
MG_152,3.73,training
MG_151,4.66,training
MG_422,2.02,training
MG_544,1.08,training
MG_60,2.17,training
MG_1142,2.48,training
MG_1059,1.71,training
MG_1299,3.57,training
MG_1150,4.81,training
MG_777,4.35,training
MG_447,2.79,training
MG_875,0.74,training
MG_1262,2.64,training
MG_407,3.1,training
MG_136,1.08,training
MG_370,4.81,training
MG_1423,3.0,training
MG_1166,1.71,training
MG_1117,3.57,training
MG_1182,4.66,training
MG_344,3.88,training
MG_782,1.86,training
MG_559,4.19,training
MG_1232,3.88,training
MG_825,4.35,training
MG_1445,2.48,training
MG_81,2.64,training
MG_794,2.17,training
MG_400,2.02,training
MG_79,2.95,training
MG_68,2.33,training
MG_508,1.71,training
MG_132,2.95,training
MG_181,2.95,training
MG_294,1.08,training
MG_801,3.1,training
MG_984,3.42,training
MG_1246,4.57,training
MG_77,1.55,training
MG_1075,2.17,training
MG_1329,4.81,training
MG_540,1.08,training
MG_732,2.79,training
MG_1436,2.89,training
MG_235,3.1,training
MG_803,1.08,training
MG_186,2.17,training
MG_766,3.42,training
MG_579,1.55,training
MG_88,4.04,training
MG_516,0.93,training
MG_796,3.42,training
MG_1145-1-1,1.71,training
MG_241,0.31,training
MG_1132,2.02,training
MG_1197,2.17,training
MG_1196,2.48,training
MG_988,0.62,training
MG_1017,4.5,training
MG_1396,2.95,training
MG_560,1.08,training
MG_1141,0.62,training
MG_869,2.95,training
MG_681,3.73,training
MG_291,2.79,training
MG_443,0.93,training
MG_1087,1.55,training
MG_938,0.62,training
MG_690,2.95,training
MG_340,4.97,training
MG_175,1.24,training
MG_1100,1.08,training
MG_1216,2.95,training
MG_197,3.1,training
MG_206,3.73,training
MG_688,2.02,training
MG_667,1.4,training
MG_528,1.4,training
MG_1422,2.95,training
MG_1032,0.62,training
MG_884,3.57,training
MG_583,4.66,training
MG_428,0.15,training
MG_97,3.73,training
MG_1326,4.81,training
MG_932,1.55,training
MG_1485,2.64,training
MG_552,0.93,training
MG_1176,4.04,training
MG_57,2.17,training
MG_958,3.26,training
MG_376,3.1,training
MG_1064,1.55,training
MG_1260,2.64,training
MG_607,3.26,training
MG_345,1.24,training
MG_1123,3.26,training
MG_1191,4.19,training
MG_702,2.33,training
MG_477,0.46,training
MG_872,2.64,training
MG_168,1.71,training
MG_870,6.21,training
MG_1500,2.33,training
MG_1287,2.02,training
MG_514,2.79,training
MG_202,2.79,training
MG_890,3.88,training
MG_1013,4.04,training
MG_1502,1.55,training
MG_974,3.26,training
MG_138,1.86,training
MG_1211,2.64,training
MG_308,2.64,training
MG_656,2.95,training
MG_909,2.48,training
MG_956,3.57,training
MG_87,2.33,training
MG_1137,2.17,training
MG_576,3.26,training
MG_310,2.95,training
MG_1065,4.5,training
MG_878,1.86,training
MG_860,2.64,training
MG_1419,1.24,training
MG_620,0.0,training
MG_1234,0.93,training
MG_898,3.88,training
MG_408,3.57,training
MG_471,2.64,training
MG_951,5.12,training
MG_495,4.66,training
MG_584,3.57,training
MG_1323,2.33,training
MG_160,1.4,training
MG_1220,3.73,training
MG_1324,4.66,training
MG_414,2.48,training
MG_751,2.02,training
MG_442,3.42,training
MG_1083,2.79,training
MG_618,3.57,training
MG_1155,3.73,training
MG_517,4.19,training
MG_679,0.0,training
MG_126,2.48,training
MG_1131,0.62,training
MG_735,3.88,training
MG_275,5.09,training
MG_386,1.86,training
MG_437,1.71,training
MG_483,1.71,training
MG_653,2.79,training
MG_611,1.55,training
MG_789,3.88,training
MG_503,0.93,training
MG_1233,2.64,training
MG_1139,0.93,training
MG_1093,2.48,training
MG_111,2.64,training
MG_808,3.26,training
MG_445,1.71,training
MG_867,0.62,training
MG_1003,2.17,training
MG_779,3.1,training
MG_513,4.82,training
MG_1496,2.95,training
MG_1012,4.35,training
MG_882,3.26,training
MG_76,0.93,training
MG_1215,4.04,training
MG_881,3.73,training
MG_990,3.42,training
MG_961,3.26,training
MG_955,3.26,training
MG_1228,2.48,training
MG_1283,2.02,training
MG_466,2.33,training
MG_1061,4.19,training
MG_1058,0.93,training
MG_204,1.86,training
MG_385,2.17,training
MG_1048,4.66,training
MG_418,2.64,training
MG_218,1.86,training
MG_1288,3.73,training
MG_585,1.71,training
MG_1256,2.02,training
MG_933,4.5,training
MG_1304,3.26,training
MG_922,2.02,training
MG_1418,2.02,training
MG_908,2.79,training
MG_906,1.71,training
MG_737,1.24,training
MG_762,1.71,training
MG_1424,2.79,training
MG_571,2.95,training
MG_754,2.64,training
MG_479,1.86,training
MG_1118,1.71,training
MG_113,0.93,training
MG_268,6.39,training
MG_1487,3.26,training
MG_302,0.15,training
MG_1170,5.36,training
MG_505,0.93,training
MG_1187,2.88,training
MG_970,5.75,training
MG_1398,2.64,training
MG_966,4.97,training
MG_861,1.4,training
MG_954,1.4,training
MG_879,4.35,training
MG_612,3.26,training
MG_600,0.77,training
MG_1342,2.95,training
MG_548,4.19,training
MG_1440,1.4,training
MG_1252,6.41,training
MG_913,0.93,training
MG_1084,3.42,training
MG_459,6.06,training
MG_469,2.48,training
MG_1175,3.73,training
MG_1402,5.59,training
MG_328,3.73,training
MG_635,1.55,training
MG_290,1.08,training
MG_886,1.08,training
MG_94,3.26,training
MG_271,2.15,training
MG_223,4.04,training
MG_991,2.48,training
MG_201,3.1,training
MG_1426,3.57,training
MG_1165,2.95,training
MG_901,1.71,training
MG_1045,3.57,training
MG_1416,3.73,training
MG_1259,1.08,training
MG_237,3.57,training
MG_341,2.64,training
MG_115,3.57,training
MG_1091,2.02,training
MG_664,2.79,training
MG_116,2.02,training
MG_145,3.26,training
MG_1160,3.57,training
MG_98,2.79,training
MG_1056,1.71,training
MG_628,0.62,training
MG_953,1.55,training
MG_847,3.42,training
MG_238,5.59,training
MG_1438,3.81,training
MG_1210,2.33,training
MG_1278,3.88,training
MG_85,-0.31,training
MG_1417,4.66,training
MG_1149,1.55,training
MG_960,2.79,training
MG_841,3.57,training
MG_1451,1.71,training
MG_420,4.5,training
MG_769,2.64,training
MG_207,-0.31,training
MG_232,2.95,training
MG_486,2.48,training
MG_997,2.95,training
MG_258,2.48,training
MG_826,2.33,training
MG_1156,3.88,training
MG_1185,2.02,training
MG_401,3.26,training
MG_475,3.57,training
MG_1194,2.79,training
MG_1241,2.64,training
MG_106,3.57,training
MG_338,1.55,training
MG_706,0.46,training
MG_440,2.48,training
MG_905,2.64,training
MG_482,2.64,training
MG_1103,2.33,training
MG_862,1.86,training
MG_473,2.79,training
MG_262,5.12,training
MG_309,2.64,training
MG_1261,2.95,training
MG_530,3.26,training
MG_91,2.79,training
MG_352,2.17,training
MG_315,2.95,training
MG_1070,2.02,training
MG_616,4.81,training
MG_1410,3.42,training
MG_880,2.33,training
MG_464,2.33,training
MG_120,2.48,training
MG_857,2.17,training
MG_533,2.95,training
MG_1456,2.64,training
MG_165,1.08,training
MG_976,2.64,training
MG_1019,1.24,training
MG_461,2.95,training
MG_273,0.93,training
MG_624,2.79,training
MG_164,0.62,training
MG_1049,1.86,training
MG_1408,1.71,training
MG_567,2.95,training
MG_189,2.64,training
MG_1172,5.28,training
MG_374,2.02,training
MG_1184,3.57,training
MG_1286,3.26,training
MG_791,3.57,training
MG_1255,1.24,training
MG_311,4.81,training
MG_899,2.64,training
MG_1284,2.64,training
MG_380,2.06,training
MG_705,2.17,training
MG_746,2.33,training
MG_575,1.9,training
MG_931,2.17,training
MG_1125,5.59,training
MG_214,2.79,training
MG_1399,3.57,training
MG_1214,2.16,training
MG_1147,3.1,training
MG_892,3.42,training
MG_859,4.35,training
MG_919,2.17,training
MG_807,4.66,training
MG_364,3.81,training
MG_691,2.64,training
MG_1143,3.42,training
MG_1030,3.42,training
MG_123,1.71,training
MG_672,2.64,training
MG_303,2.02,training
MG_652,6.21,training
MG_655,4.97,training
MG_256,3.1,training
MG_663,2.02,training
MG_1153,5.59,training
MG_141,3.57,training
MG_1008,2.48,training
MG_319,1.4,training
MG_1020,3.26,training
MG_188,1.24,training
MG_1044,3.42,training
MG_747,1.86,training
MG_1060,4.66,training
MG_1432,0.62,training
MG_425,1.4,training
MG_946,4.19,training
MG_828,2.48,training
MG_1477,2.33,training
MG_490,3.57,training
MG_1452,3.1,training
MG_525,4.35,training
MG_750,3.1,training
MG_527,1.4,training
MG_1328,3.42,training
MG_969,3.26,training
MG_1245,1.6,training
MG_1095,2.02,training
MG_1449,1.86,training
MG_1099,2.02,training
MG_572,2.48,training
MG_643,3.57,training
MG_1325,1.4,training
MG_284,7.61,training
MG_549,3.57,training
MG_1305,1.86,training
MG_816,1.4,training
MG_496,0.93,training
MG_489,1.86,training
MG_1136,4.04,training
MG_645,2.48,training
MG_834,2.64,training
MG_776,6.06,training
MG_929,3.26,training
MG_939,2.17,training
MG_1467,1.47,training
MG_797,2.02,training
MG_1148,2.64,training
MG_297,2.48,training
MG_1470,3.73,training
MG_1037,1.08,training
MG_416,3.26,training
MG_1004,1.08,training
MG_166,2.64,training
MG_295,2.17,training
MG_360,1.4,training
MG_1265,1.24,training
MG_1057,0.77,training
MG_837,4.35,training
MG_743,3.26,training
MG_1455,1.4,training
MG_75,3.08,training
MG_921,2.79,training
MG_775,3.88,training
MG_250,2.33,training
MG_1335,3.76,training
MG_183,3.57,training
MG_1158,6.48,training
MG_704,3.26,training
MG_1469,4.55,training
MG_665,1.24,training
MG_631,1.08,training
MG_288,1.4,training
MG_153,2.64,training
MG_1303,2.48,training
MG_415,3.88,training
MG_725,3.1,training
MG_534,1.08,training
MG_277,0.15,training
MG_716,4.66,training
MG_388,2.33,training
MG_129,3.21,training
MG_337,2.79,training
MG_1247,3.57,training
MG_717,5.12,training
MG_1435,5.44,training
MG_1000,2.02,training
MG_1077,2.48,training
MG_918,1.55,training
MG_368,1.4,training
MG_134,1.71,training
MG_1330,2.47,training
MG_843,3.26,training
MG_744,0.87,training
MG_485,1.24,training
MG_815,2.17,training
MG_125,0.46,training
MG_410,3.26,training
MG_379,2.79,training
MG_1320,2.79,training
MG_910,2.02,training
MG_1457,2.95,training
MG_1401,1.86,training
MG_1322,4.97,training
MG_170,1.86,training
MG_996,2.02,training
MG_1476,2.02,training
MG_278,3.42,training
MG_845,3.57,training
MG_226,2.64,training
MG_1276,3.26,training
MG_1072,3.26,training
MG_423,2.17,training
MG_1302,1.4,training
MG_236,3.42,training
MG_858,2.17,training
MG_1244,2.02,training
MG_773,2.02,training
MG_1309,2.48,training
MG_144,2.64,training
MG_335,2.64,training
MG_1446,4.5,training
MG_1094,1.55,training
MG_849,2.64,training
MG_1312,3.1,training
MG_1206,1.71,training
MG_501,3.57,training
MG_614,1.4,training
MG_219,1.86,training
MG_1314,5.59,training
MG_280,3.26,training
MG_814,3.1,training
MG_1504,3.57,training
MG_491,2.53,training
MG_1169,0.77,training
MG_1018,4.35,training
MG_967,5.12,training
MG_130,3.1,training
MG_1281,3.73,training
MG_678,1.86,training
MG_523,3.73,training
MG_472,1.55,training
MG_426,2.02,training
MG_1271,4.04,training
MG_1273,3.26,training
MG_195,4.81,training
MG_1269,3.26,training
MG_670,1.4,training
MG_163,1.55,training
MG_659,3.42,training
MG_839,2.95,training
MG_603,1.71,training
MG_233,2.02,training
MG_599,2.33,training
MG_449,1.4,training
MG_1439,4.5,training
MG_783,6.37,training
MG_518,5.59,training
MG_1178,4.19,training
MG_173,2.95,training
MG_133,2.48,training
MG_1405,2.33,training
MG_465,3.1,training
MG_148,4.19,training
MG_1180,1.71,training
MG_853,1.86,training
MG_431,4.35,training
MG_453,4.04,training
MG_937,1.86,training
MG_1499,2.48,training
MG_1205,2.17,training
MG_1464,3.88,training
MG_604,5.59,training
MG_739,2.64,training
MG_1224,2.89,training
MG_1264,1.4,training
MG_398,5.12,training
MG_1475,0.93,training
MG_1468,3.1,training
MG_985,4.66,training
MG_1285,1.24,training
MG_632,3.73,training
MG_1146,2.48,training
MG_225,4.73,training
MG_981,2.79,training
MG_613,3.57,training
MG_692,2.17,training
MG_242,4.19,training
MG_66,4.97,training
MG_434,3.26,training
MG_1097,3.42,training
MG_131,1.08,training
MG_774,3.1,training
MG_555,1.24,training
MG_764,1.86,training
MG_137,2.95,training
MG_1333,4.04,training
MG_1102,5.23,training
MG_1478,1.4,training
MG_95,1.71,training
MG_1127,4.66,training
MG_402,2.47,training
MG_888,1.4,training
MG_819,3.73,training
MG_1268,5.28,training
MG_365,2.17,training
MG_856,3.42,training
MG_1291,0.93,training
MG_339,2.79,training
MG_928,2.17,training
MG_203,1.55,training
MG_522,-0.16,training
MG_934,4.19,training
MG_399,4.97,training
MG_761,5.12,training
MG_949,4.5,training
MG_900,2.02,training
MG_196,1.71,training
MG_639,5.12,training
MG_227,1.86,training
MG_105,0.31,training
MG_1454,1.71,training
MG_51,0.0,training
MG_895,2.64,training
MG_1243,5.12,training
MG_911,1.4,training
MG_1109,2.64,training
MG_1026,5.59,training
MG_247,2.33,training
MG_674,2.95,training
MG_86,4.66,training
MG_562,3.57,training
MG_865,4.19,training
MG_1248,2.95,training
MG_889,4.04,training
MG_998,1.24,training
MG_451,4.04,training
MG_1039,2.17,training
MG_1251,1.4,training
MG_1308,2.79,training
MG_476,2.33,training
MG_1105,3.73,training
MG_199,0.93,training
MG_1079,1.86,training
MG_432,3.88,training
MG_673,2.79,training
MG_321,1.86,training
MG_357,1.99,training
MG_829,2.64,training
MG_446,2.02,training
MG_964,1.08,training
MG_1174,4.5,training
MG_372,3.88,training
MG_1463,2.79,training
MG_1025,3.88,training
MG_893,2.02,training
MG_987,7.92,training
MG_320,2.64,training
MG_597,1.71,training
MG_993,1.79,training
MG_460,2.64,training
MG_1254,1.99,training
MG_736,0.77,training
MG_67,4.19,training
MG_69,2.79,training
MG_1088,1.86,training
MG_1154,3.88,training
MG_1092,2.64,training
MG_1111,4.5,training
MG_50,1.71,training
MG_1033,3.1,training
MG_146,1.4,training
MG_972,4.0,training
MG_405,2.33,training
MG_1338,2.64,training
MG_780,2.79,training
MG_396,0.46,training
MG_662,5.59,training
MG_1212,2.48,training
MG_519,2.95,training
MG_1151,1.12,training
MG_512,3.88,training
MG_515,2.17,training
MG_685,2.17,training
MG_1501,1.4,training
MG_1129,3.42,training
MG_1029,2.48,training
MG_162,1.24,training
MG_1494,3.42,training
MG_224,1.4,training
MG_594,4.97,training
MG_350,4.19,training
MG_709,2.79,training
MG_529,2.79,training
MG_1031,2.48,training
MG_217,2.33,training
MG_381,3.26,training
MG_727,4.19,training
MG_231,1.55,training
MG_384,3.42,training
MG_758,1.86,training
MG_532,2.02,training
MG_1429,1.4,training
MG_282,3.73,training
MG_817,4.04,training
MG_403,4.0,training
MG_240,1.86,training
MG_493,2.95,training
MG_538,1.55,training
MG_1421,3.88,training
MG_300,1.71,training
MG_930,1.86,training
MG_1124,2.64,training
MG_378,4.19,training
MG_962,3.26,training
MG_638,3.1,training
MG_1235,2.17,training
MG_205,2.17,training
MG_778,2.17,training
MG_1397,0.31,training
MG_897,1.71,training
MG_1188,2.64,training
MG_114,2.48,training
MG_694,3.57,training
MG_1192,4.19,training
MG_923,2.17,training
MG_220,0.0,training
MG_641,1.08,training
MG_683,2.48,training
MG_209,1.55,training
MG_830,2.64,training
MG_1135,2.48,training
MG_608,1.86,training
MG_427,2.48,training
MG_208,3.73,training
MG_749,2.95,training
MG_1114,3.1,training
MG_1040,2.79,training
MG_1237,3.26,training
MG_511,1.71,training
MG_535,4.0,training
MG_798,5.9,training
MG_157,3.42,training
MG_1028,1.08,training
MG_537,1.71,training
MG_809,2.33,training
MG_564,1.71,training
MG_1483,6.21,training
MG_373,2.02,training
MG_941,4.73,training
MG_193,4.04,training
MG_343,3.1,training
MG_1343,2.64,training
MG_914,1.86,training
MG_1014,4.19,training
MG_109,2.48,training
MG_1086,1.08,training
MG_787,7.14,training
MG_1085,5.12,training
MG_1231,4.5,training
MG_159,2.48,training
MG_1005,2.79,validation
MG_1006,2.64,validation
MG_1010,4.35,validation
MG_102,2.64,validation
MG_1023,4.19,validation
MG_1063,2.48,validation
MG_1068,7.61,validation
MG_1081,4.19,validation
MG_1101,2.71,validation
MG_1110,4.04,validation
MG_1113,1.08,validation
MG_1126,5.28,validation
MG_1157,6.68,validation
MG_1162,5.45,validation
MG_1177,3.73,validation
MG_118,0.62,validation
MG_1181,5.12,validation
MG_1208,2.95,validation
MG_1217,2.64,validation
MG_122,1.86,validation
MG_1221,4.04,validation
MG_1222,1.86,validation
MG_1238,3.1,validation
MG_1257,2.17,validation
MG_1258,2.02,validation
MG_1263,2.64,validation
MG_1274,0.46,validation
MG_1275,1.24,validation
MG_1277,3.26,validation
MG_1280,2.95,validation
MG_1289,2.48,validation
MG_1318,3.81,validation
MG_1331,1.55,validation
MG_1336,3.73,validation
MG_1431,1.08,validation
MG_1453,1.24,validation
MG_1486,7.31,validation
MG_1491,2.33,validation
MG_150,1.4,validation
MG_1509,4.35,validation
MG_161,2.17,validation
MG_167,1.08,validation
MG_169,3.57,validation
MG_171,3.57,validation
MG_176,4.35,validation
MG_190,1.86,validation
MG_192,1.71,validation
MG_194,1.08,validation
MG_198,4.64,validation
MG_212,1.71,validation
MG_213,1.71,validation
MG_245,2.48,validation
MG_246,2.79,validation
MG_248,4.19,validation
MG_260,1.4,validation
MG_265,2.95,validation
MG_266,4.04,validation
MG_281,1.55,validation
MG_285,6.21,validation
MG_287,3.26,validation
MG_292,2.95,validation
MG_296,1.86,validation
MG_298,1.08,validation
MG_305,2.48,validation
MG_306,2.95,validation
MG_307,1.61,validation
MG_329,2.33,validation
MG_336,3.42,validation
MG_358,4.35,validation
MG_367,1.55,validation
MG_390,3.42,validation
MG_391,0.84,validation
MG_394,3.57,validation
MG_395,1.71,validation
MG_397,2.95,validation
MG_411,4.04,validation
MG_421,3.26,validation
MG_429,2.79,validation
MG_433,2.64,validation
MG_463,1.86,validation
MG_467,3.26,validation
MG_481,2.95,validation
MG_484,1.86,validation
MG_49,2.02,validation
MG_500,2.17,validation
MG_524,3.1,validation
MG_53,1.24,validation
MG_531,1.4,validation
MG_539,1.86,validation
MG_54,3.42,validation
MG_553,2.33,validation
MG_554,2.95,validation
MG_561,4.19,validation
MG_573,2.79,validation
MG_578,2.02,validation
MG_58,5.12,validation
MG_580,3.1,validation
MG_581,0.46,validation
MG_588,1.79,validation
MG_593,4.81,validation
MG_602,3.26,validation
MG_605,1.55,validation
MG_606,1.71,validation
MG_61,1.55,validation
MG_621,1.24,validation
MG_623,2.33,validation
MG_633,4.19,validation
MG_648,2.64,validation
MG_686,2.95,validation
MG_693,1.71,validation
MG_697,1.86,validation
MG_699,2.02,validation
MG_707,1.71,validation
MG_708,0.93,validation
MG_73,1.4,validation
MG_730,3.1,validation
MG_734,3.26,validation
MG_738,1.86,validation
MG_740,2.64,validation
MG_742,2.48,validation
MG_756,2.53,validation
MG_759,2.48,validation
MG_812,2.64,validation
MG_820,2.64,validation
MG_831,5.93,validation
MG_835,1.24,validation
MG_844,2.79,validation
MG_846,2.48,validation
MG_877,2.02,validation
MG_883,4.66,validation
MG_89,1.08,validation
MG_924,3.57,validation
MG_944,3.57,validation
MG_945,3.42,validation
MG_948,3.88,validation
MG_950,2.95,validation
MG_963,5.59,validation
MG_968,4.18,validation
MG_977,1.86,validation
MG_980,2.48,validation
MG_983,3.57,validation
