,DTT,group
MG_1136,70.19,training
MG_706,68.1,training
MG_1284,67.23,training
MG_489,66.88,training
MG_264,66.36,training
MG_66,61.66,training
MG_874,67.93,training
MG_254,66.36,training
MG_799,64.62,training
MG_63,64.27,training
MG_176,68.1,training
MG_614,67.75,training
MG_1318,71.41,training
MG_803,70.71,training
MG_1496,69.32,training
MG_757,70.02,training
MG_850,66.71,training
MG_523,64.27,training
MG_765,65.49,training
MG_80,64.1,training
MG_1247,64.97,training
MG_864,66.88,training
MG_1328,72.97,training
MG_273,69.67,training
MG_1181,66.18,training
MG_166,61.83,training
MG_1086,69.32,training
MG_1065,64.44,training
MG_362,68.27,training
MG_455,70.36,training
MG_1494,73.5,training
MG_1088,66.18,training
MG_969,68.1,training
MG_1399,67.4,training
MG_173,68.62,training
MG_1445,64.97,training
MG_1275,69.49,training
MG_640,67.58,training
MG_211,65.14,training
MG_95,68.97,training
MG_915,67.4,training
MG_444,70.01,training
MG_140,62.88,training
MG_493,67.4,training
MG_55,62.18,training
MG_269,64.97,training
MG_60,63.92,training
MG_129,65.22,training
MG_1103,67.93,training
MG_908,67.06,training
MG_1253,65.14,training
MG_749,66.71,training
MG_1126,66.71,training
MG_758,68.8,training
MG_477,70.19,training
MG_425,66.53,training
MG_1172,66.01,training
MG_855,69.02,training
MG_144,64.79,training
MG_146,62.88,training
MG_293,69.14,training
MG_751,68.97,training
MG_597,62.53,training
MG_816,65.31,training
MG_437,68.27,training
MG_1403,68.8,training
MG_412,68.27,training
MG_605,69.67,training
MG_1468,67.23,training
MG_308,66.01,training
MG_997,70.54,training
MG_1326,67.4,training
MG_1117,65.84,training
MG_566,73.15,training
MG_1251,73.15,training
MG_806,69.32,training
MG_64,66.36,training
MG_350,69.14,training
MG_1061,66.71,training
MG_304,68.62,training
MG_300,64.27,training
MG_705,63.92,training
MG_1402,65.84,training
MG_213,66.01,training
MG_1177,64.88,training
MG_609,63.75,training
MG_565,68.1,training
MG_1158,66.88,training
MG_495,65.84,training
MG_836,64.44,training
MG_994,68.62,training
MG_911,65.66,training
MG_1118,68.8,training
MG_195,64.97,training
MG_382,67.75,training
MG_738,67.58,training
MG_440,67.58,training
MG_52,67.4,training
MG_848,68.45,training
MG_1195,66.71,training
MG_1476,66.36,training
MG_379,64.97,training
MG_976,72.1,training
MG_126,71.06,training
MG_1010,69.67,training
MG_583,68.45,training
MG_564,68.97,training
MG_995,66.36,training
MG_1188,69.32,training
MG_1242,70.36,training
MG_494,68.45,training
MG_457,64.79,training
MG_177,67.75,training
MG_1106,69.32,training
MG_156,63.75,training
MG_606,70.19,training
MG_805,71.41,training
MG_1141,73.67,training
MG_245,67.58,training
MG_260,70.19,training
MG_1292,68.97,training
MG_1344,71.58,training
MG_388,67.06,training
MG_82,64.62,training
MG_1143,70.01,training
MG_281,66.18,training
MG_76,69.84,training
MG_234,67.4,training
MG_1340,69.14,training
MG_246,72.28,training
MG_174,69.14,training
MG_540,66.53,training
MG_1067,66.53,training
MG_361,67.58,training
MG_870,71.23,training
MG_275,65.59,training
MG_955,62.53,training
MG_377,71.06,training
MG_422,67.06,training
MG_499,66.36,training
MG_481,66.88,training
MG_1157,71.58,training
MG_396,69.32,training
MG_856,64.44,training
MG_1305,68.45,training
MG_876,68.45,training
MG_1415,70.36,training
MG_568,71.93,training
MG_691,64.44,training
MG_1168,65.31,training
MG_54,65.84,training
MG_1189,67.75,training
MG_560,67.75,training
MG_548,63.57,training
MG_435,68.45,training
MG_302,68.45,training
MG_863,63.4,training
MG_525,67.4,training
MG_1471,63.75,training
MG_823,68.8,training
MG_875,71.22,training
MG_559,66.53,training
MG_1271,66.36,training
MG_159,64.1,training
MG_390,62.88,training
MG_903,68.97,training
MG_695,65.49,training
MG_152,65.14,training
MG_1436,72.11,training
MG_212,67.4,training
MG_1214,65.99,training
MG_160,67.4,training
MG_294,68.27,training
MG_434,65.31,training
MG_698,70.19,training
MG_667,67.58,training
MG_546,65.66,training
MG_1040,63.92,training
MG_937,68.62,training
MG_1080,66.01,training
MG_290,67.06,training
MG_1180,68.45,training
MG_1489,65.85,training
MG_1448,69.67,training
MG_619,68.1,training
MG_122,66.71,training
MG_1434,65.31,training
MG_978,68.45,training
MG_1108,68.97,training
MG_353,66.71,training
MG_771,64.27,training
MG_429,65.66,training
MG_285,63.23,training
MG_630,68.8,training
MG_1294,69.14,training
MG_51,66.53,training
MG_447,70.54,training
MG_314,67.58,training
MG_944,66.01,training
MG_1286,67.93,training
MG_727,67.06,training
MG_325,67.06,training
MG_1394,70.89,training
MG_99,66.01,training
MG_169,65.14,training
MG_1474,70.36,training
MG_202,61.66,training
MG_124,64.62,training
MG_1092,68.8,training
MG_261,63.75,training
MG_188,66.01,training
MG_469,67.93,training
MG_53,66.36,training
MG_1260,66.36,training
MG_687,66.01,training
MG_703,66.88,training
MG_221,69.67,training
MG_227,67.4,training
MG_393,65.49,training
MG_972,65.66,training
MG_244,64.79,training
MG_595,70.54,training
MG_841,66.71,training
MG_400,70.36,training
MG_1466,70.19,training
MG_1218,66.01,training
MG_1416,65.66,training
MG_1495,71.58,training
MG_832,73.15,training
MG_638,70.01,training
MG_646,68.8,training
MG_262,69.84,training
MG_397,63.75,training
MG_343,63.4,training
MG_1306,67.58,training
MG_1160,74.37,training
MG_804,67.4,training
MG_253,66.01,training
MG_1447,63.75,training
MG_643,67.23,training
MG_655,66.53,training
MG_739,62.7,training
MG_192,64.62,training
MG_453,65.14,training
MG_385,67.23,training
MG_332,68.8,training
MG_1452,71.41,training
MG_1264,68.97,training
MG_367,67.23,training
MG_1041,67.93,training
MG_1179,69.14,training
MG_1267,72.45,training
MG_112,66.53,training
MG_1425,66.01,training
MG_1506,69.49,training
MG_1051,70.89,training
MG_1163,68.97,training
MG_430,66.18,training
MG_580,68.8,training
MG_1109,66.53,training
MG_108,67.75,training
MG_1026,63.4,training
MG_297,67.93,training
MG_1509,69.84,training
MG_223,63.05,training
MG_49,62.7,training
MG_91,62.88,training
MG_1014,62.35,training
MG_1085,67.4,training
MG_1048,68.8,training
MG_1409,65.31,training
MG_200,62.7,training
MG_368,72.45,training
MG_830,69.67,training
MG_663,67.4,training
MG_572,66.71,training
MG_1228,65.84,training
MG_398,64.44,training
MG_121,66.53,training
MG_374,65.84,training
MG_471,62.18,training
MG_105,71.76,training
MG_1004,64.44,training
MG_207,70.19,training
MG_383,63.05,training
MG_1464,69.49,training
MG_648,70.01,training
MG_1281,68.8,training
MG_553,66.01,training
MG_748,69.84,training
MG_1169,69.84,training
MG_358,66.01,training
MG_1480,66.36,training
MG_165,65.14,training
MG_783,70.19,training
MG_1458,68.27,training
MG_203,69.32,training
MG_930,63.4,training
MG_1407,69.14,training
MG_951,65.84,training
MG_205,66.88,training
MG_1042,65.31,training
MG_1184,73.84,training
MG_486,65.31,training
MG_717,67.75,training
MG_1467,67.75,training
MG_665,66.71,training
MG_620,66.88,training
MG_1034,67.06,training
MG_1410,61.31,training
MG_136,66.18,training
MG_1059,61.48,training
MG_577,65.49,training
MG_882,67.58,training
MG_763,65.49,training
MG_587,68.73,training
MG_849,69.67,training
MG_283,65.14,training
MG_1073,65.84,training
MG_924,67.23,training
MG_259,69.84,training
MG_384,66.36,training
MG_782,73.67,training
MG_1194,70.54,training
MG_1268,66.18,training
MG_791,71.58,training
MG_795,61.48,training
MG_1186,69.64,training
MG_618,64.97,training
MG_993,74.37,training
MG_607,66.18,training
MG_753,67.75,training
MG_1491,65.14,training
MG_278,66.18,training
MG_847,66.01,training
MG_465,66.01,training
MG_1033,64.44,training
MG_1233,67.23,training
MG_1477,66.01,training
MG_229,63.75,training
MG_1074,69.84,training
MG_187,64.79,training
MG_215,64.62,training
MG_1481,68.45,training
MG_579,69.67,training
MG_817,62.7,training
MG_127,69.49,training
MG_248,66.01,training
MG_373,63.23,training
MG_1096,71.06,training
MG_1027,64.97,training
MG_929,61.14,training
MG_501,70.19,training
MG_380,71.76,training
MG_252,69.49,training
MG_1238,60.79,training
MG_1280,63.23,training
MG_77,67.75,training
MG_402,66.14,training
MG_641,68.97,training
MG_956,68.45,training
MG_286,65.84,training
MG_741,67.58,training
MG_484,67.23,training
MG_1483,59.22,training
MG_473,63.92,training
MG_1473,67.4,training
MG_222,62.88,training
MG_999,66.18,training
MG_683,70.01,training
MG_1100,71.23,training
MG_161,63.4,training
MG_309,66.71,training
MG_940,66.01,training
MG_75,68.8,training
MG_1230,65.14,training
MG_83,64.1,training
MG_138,62.7,training
MG_824,65.49,training
MG_1313,67.06,training
MG_483,68.45,training
MG_724,68.45,training
MG_1288,70.01,training
MG_1339,66.36,training
MG_1190,68.45,training
MG_458,66.71,training
MG_1419,68.62,training
MG_104,68.27,training
MG_148,67.4,training
MG_676,64.97,training
MG_718,69.14,training
MG_337,66.88,training
MG_726,66.88,training
MG_1060,66.01,training
MG_1005,69.49,training
MG_255,69.84,training
MG_883,70.71,training
MG_125,67.75,training
MG_1338,67.4,training
MG_1069,78.71,training
MG_1321,71.23,training
MG_291,65.14,training
MG_914,63.4,training
MG_681,65.14,training
MG_1129,65.14,training
MG_844,66.18,training
MG_1424,66.18,training
MG_1082,73.15,training
MG_370,67.23,training
MG_732,68.1,training
MG_513,65.84,training
MG_277,68.62,training
MG_1000,63.23,training
MG_514,70.54,training
MG_128,65.66,training
MG_509,66.53,training
MG_1234,70.71,training
MG_318,64.27,training
MG_1457,71.41,training
MG_974,67.06,training
MG_1493,67.75,training
MG_1401,73.67,training
MG_768,69.67,training
MG_232,70.19,training
MG_982,68.1,training
MG_970,68.97,training
MG_1263,69.67,training
MG_1502,70.19,training
MG_740,67.58,training
MG_1498,66.53,training
MG_491,67.47,training
MG_1227,66.18,training
MG_1050,69.32,training
MG_1130,69.32,training
MG_1484,68.8,training
MG_1224,72.8,training
MG_321,67.23,training
MG_988,70.19,training
MG_467,64.97,training
MG_235,66.53,training
MG_322,65.14,training
MG_443,67.75,training
MG_1500,67.93,training
MG_346,65.14,training
MG_241,71.06,training
MG_426,65.14,training
MG_92,64.97,training
MG_340,63.75,training
MG_450,67.23,training
MG_178,59.74,training
MG_109,67.75,training
MG_716,67.4,training
MG_1099,66.88,training
MG_916,68.27,training
MG_1310,67.58,training
MG_236,67.93,training
MG_189,68.8,training
MG_743,67.58,training
MG_324,65.49,training
MG_1138,70.54,training
MG_752,64.44,training
MG_56,68.1,training
MG_454,71.06,training
MG_131,60.79,training
MG_106,70.01,training
MG_1322,63.57,training
MG_581,68.62,training
MG_1093,67.58,training
MG_1312,66.01,training
MG_1246,68.1,training
MG_1087,71.93,training
MG_1140,68.1,training
MG_1337,62.01,training
MG_557,69.84,training
MG_1149,69.14,training
MG_966,68.97,training
MG_779,62.7,training
MG_1029,71.76,training
MG_1295,66.88,training
MG_1429,64.1,training
MG_89,67.06,training
MG_867,71.93,training
MG_615,67.58,training
MG_542,64.97,training
MG_1001,71.23,training
MG_206,65.49,training
MG_113,67.06,training
MG_1454,66.53,training
MG_399,68.45,training
MG_733,66.18,training
MG_905,67.4,training
MG_1463,62.88,training
MG_1315,66.71,training
MG_338,67.4,training
MG_975,69.49,training
MG_313,67.75,training
MG_985,67.75,training
MG_742,62.01,training
MG_527,68.27,training
MG_1052,68.1,training
MG_582,68.8,training
MG_991,64.62,training
MG_967,68.45,training
MG_989,72.28,training
MG_184,67.93,training
MG_417,66.18,training
MG_1256,68.1,training
MG_123,64.44,training
MG_1212,70.71,training
MG_707,69.67,training
MG_1248,63.4,training
MG_928,68.45,training
MG_1110,68.27,training
MG_960,68.62,training
MG_1236,66.71,training
MG_612,61.83,training
MG_431,66.71,training
MG_518,68.27,training
MG_686,66.18,training
MG_531,63.92,training
MG_1115,70.36,training
MG_912,70.36,training
MG_1145-1-1,68.27,training
MG_1015,66.71,training
MG_57,66.36,training
MG_900,68.8,training
MG_1273,67.4,training
MG_670,68.97,training
MG_845,63.92,training
MG_93,65.66,training
MG_326,66.53,training
MG_289,66.71,training
MG_209,70.71,training
MG_1076,69.49,training
MG_1418,67.23,training
MG_512,62.01,training
MG_1341,69.14,training
MG_654,68.97,training
MG_547,66.36,training
MG_208,63.05,training
MG_657,67.75,training
MG_115,59.74,training
MG_545,68.45,training
MG_1245,71.91,training
MG_306,66.53,training
MG_69,64.27,training
MG_781,72.45,training
MG_873,66.71,training
MG_888,68.97,training
MG_543,67.4,training
MG_1037,72.8,training
MG_517,69.32,training
MG_1054,67.06,training
MG_890,71.06,training
MG_1320,65.14,training
MG_421,69.49,training
MG_1431,65.66,training
MG_62,66.53,training
MG_1300,68.8,training
MG_474,70.89,training
MG_1022,67.23,training
MG_737,69.32,training
MG_201,68.62,training
MG_1068,66.36,training
MG_1011,68.8,training
MG_756,67.93,training
MG_906,67.58,training
MG_942,65.84,training
MG_818,69.67,training
MG_839,63.57,training
MG_1319,68.27,training
MG_1182,68.8,training
MG_401,66.71,training
MG_1437,66.36,training
MG_789,70.19,training
MG_130,60.61,training
MG_463,65.49,training
MG_1430,63.57,training
MG_636,68.62,training
MG_1119,64.27,training
MG_1012,68.8,training
MG_909,65.66,training
MG_257,69.14,training
MG_708,68.45,training
MG_747,70.54,training
MG_1032,66.36,training
MG_1324,68.62,training
MG_644,71.23,training
MG_1066,78.03,training
MG_589,69.32,training
MG_1045,72.8,training
MG_1133,71.06,training
MG_1174,69.14,training
MG_784,64.97,training
MG_1105,71.41,training
MG_216,66.18,training
MG_1342,66.36,training
MG_1209,66.01,training
MG_1095,68.27,training
MG_341,67.75,training
MG_71,64.1,training
MG_347,68.62,training
MG_664,70.36,training
MG_1411,68.62,training
MG_310,67.75,training
MG_449,65.84,training
MG_250,62.18,training
MG_498,66.18,training
MG_1270,65.49,training
MG_533,62.18,training
MG_1279,70.54,training
MG_327,70.71,training
MG_1456,69.32,training
MG_862,65.49,training
MG_669,70.01,training
MG_312,67.93,training
MG_1008,73.15,training
MG_1307,63.92,training
MG_678,65.14,training
MG_1047,71.06,training
MG_666,69.49,training
MG_1191,67.06,training
MG_1254,72.17,training
MG_1453,70.89,training
MG_65,66.36,training
MG_181,65.84,training
MG_556,68.8,training
MG_945,66.18,training
MG_295,64.44,training
MG_603,68.1,training
MG_1201,63.92,training
MG_601,67.23,training
MG_1116,65.31,training
MG_1304,66.53,training
MG_859,65.49,training
MG_1252,66.88,training
MG_973,66.88,training
MG_1404,67.06,training
MG_774,66.71,training
MG_1417,69.32,training
MG_162,67.4,training
MG_626,66.36,training
MG_713,69.32,training
MG_365,66.88,training
MG_1178,71.58,training
MG_694,67.75,training
MG_992,67.58,training
MG_1486,64.27,training
MG_585,66.53,training
MG_910,70.89,training
MG_1213,70.8,training
MG_573,68.97,training
MG_1343,66.01,training
MG_835,68.1,training
MG_971,68.45,training
MG_1208,67.93,training
MG_271,66.85,training
MG_1132,67.58,training
MG_1091,68.62,training
MG_1450,66.01,training
MG_1226,63.23,training
MG_671,68.45,training
MG_837,66.18,training
MG_111,66.36,training
MG_1455,71.06,training
MG_723,67.75,training
MG_461,64.97,training
MG_1202,68.45,training
MG_710,67.23,training
MG_922,63.75,training
MG_1278,67.75,training
MG_759,67.75,training
MG_456,64.44,training
MG_895,66.01,training
MG_735,68.27,training
MG_834,72.63,training
MG_466,65.31,training
MG_1237,70.01,training
MG_196,63.57,training
MG_858,71.76,training
MG_1142,71.06,training
MG_519,64.27,training
MG_647,62.7,training
MG_1308,65.84,training
MG_328,68.8,training
MG_163,69.67,training
MG_256,69.67,training
MG_218,66.71,training
MG_61,62.88,training
MG_1111,70.19,training
MG_662,64.97,training
MG_133,62.35,training
MG_1327,64.27,training
MG_714,66.88,training
MG_682,66.36,training
MG_1285,65.49,training
MG_446,69.67,training
MG_1020,71.41,training
MG_1408,68.97,training
MG_962,63.05,training
MG_1137,68.8,training
MG_954,70.01,training
MG_504,65.66,training
MG_59,61.83,training
MG_1021,67.23,training
MG_67,62.53,training
MG_438,72.97,training
MG_323,67.93,training
MG_1187,73.5,training
MG_815,70.19,training
MG_1173,70.54,training
MG_788,69.67,training
MG_333,62.7,training
MG_1144,67.4,training
MG_843,63.92,training
MG_487,66.36,training
MG_1499,68.27,training
MG_102,65.84,training
MG_1261,64.97,training
MG_311,65.14,training
MG_1123,70.89,training
MG_356,65.66,training
MG_1225,63.05,training
MG_1336,73.84,training
MG_685,66.53,training
MG_1423,70.44,training
MG_214,67.06,training
MG_1017,68.8,training
MG_395,67.23,training
MG_879,70.19,training
MG_193,62.88,training
MG_164,67.75,training
MG_1420,70.19,training
MG_690,69.67,training
MG_1197,66.71,training
MG_578,69.49,training
MG_731,67.58,training
MG_74,68.8,training
MG_1205,68.27,training
MG_316,65.84,training
MG_797,69.32,training
MG_534,68.62,training
MG_331,64.44,training
MG_1204,68.45,training
MG_1121,71.41,training
MG_511,67.06,training
MG_424,63.23,training
MG_445,68.8,training
MG_569,65.84,training
MG_1148,68.1,training
MG_298,67.06,training
MG_1071,70.36,training
MG_610,67.06,training
MG_1485,66.88,training
MG_1334,63.4,training
MG_170,68.45,training
MG_1101,72.45,training
MG_1024,65.14,training
MG_1282,67.23,training
MG_1053,68.27,training
MG_90,67.23,training
MG_441,66.18,training
MG_485,66.53,training
MG_677,69.32,training
MG_475,70.71,training
MG_918,65.66,training
MG_516,64.44,training
MG_432,64.97,training
MG_411,63.4,training
MG_868,66.36,training
MG_436,65.66,training
MG_1422,68.27,training
MG_692,72.28,training
MG_292,69.14,training
MG_242,63.75,training
MG_721,69.14,training
MG_1039,74.54,training
MG_238,64.27,training
MG_800,68.27,training
MG_480,65.31,training
MG_736,72.28,training
MG_1084,69.67,training
MG_1183,67.23,training
MG_88,61.66,training
MG_584,66.71,training
MG_371,68.97,training
MG_339,65.49,training
MG_287,67.06,training
MG_635,69.49,training
MG_1025,67.23,training
MG_656,67.4,training
MG_345,74.19,training
MG_79,66.01,training
MG_798,66.88,training
MG_1028,66.88,training
MG_488,69.49,training
MG_927,67.06,training
MG_375,63.57,training
MG_376,67.4,training
MG_549,66.18,training
MG_1299,67.58,training
MG_224,67.23,training
MG_145,65.66,training
MG_231,69.49,training
MG_1443,69.49,training
MG_1470,67.23,training
MG_1216,67.93,training
MG_1196,68.62,training
MG_551,69.14,training
MG_414,66.88,training
MG_1397,69.49,training
MG_1317,64.62,training
MG_1057,70.54,training
MG_1262,60.09,training
MG_820,72.28,training
MG_764,67.58,training
MG_460,69.84,training
MG_1296,70.54,training
MG_623,69.32,training
MG_263,64.62,training
MG_1400,71.06,training
MG_645,68.1,training
MG_528,69.32,training
MG_920,66.36,training
MG_980,68.8,training
MG_120,65.49,training
MG_191,63.23,training
MG_536,68.62,training
MG_389,68.45,training
MG_744,69.67,training
MG_773,68.27,training
MG_1003,68.45,training
MG_1147,66.53,training
MG_939,69.32,training
MG_243,68.1,training
MG_132,60.79,training
MG_699,66.88,training
MG_574,66.71,training
MG_917,64.44,training
MG_1038,67.06,training
MG_926,68.8,training
MG_1428,64.44,training
MG_776,67.06,training
MG_934,64.62,training
MG_428,70.19,training
MG_1031,69.84,training
MG_220,66.88,training
MG_1469,68.1,training
MG_794,68.27,training
MG_785,66.88,training
MG_186,68.45,training
MG_921,69.14,training
MG_881,69.49,training
MG_521,72.63,training
MG_335,66.01,training
MG_541,68.36,training
MG_913,68.45,training
MG_153,62.18,training
MG_931,68.62,training
MG_307,70.19,training
MG_451,68.45,training
MG_1064,70.36,training
MG_510,64.27,training
MG_886,68.97,training
MG_1192,65.66,training
MG_701,70.01,training
MG_1414,70.71,training
MG_1439,70.36,training
MG_778,66.53,training
MG_452,69.32,training
MG_943,64.97,training
MG_586,64.79,training
MG_1269,68.97,training
MG_990,70.01,training
MG_315,65.66,training
MG_1102,66.33,training
MG_360,67.4,training
MG_1330,71.13,training
MG_1056,71.23,training
MG_403,71.76,training
MG_1438,70.42,training
MG_925,64.27,training
MG_183,64.97,training
MG_720,67.06,training
MG_230,63.57,training
MG_634,66.88,training
MG_1016,67.58,training
MG_761,67.06,training
MG_790,66.53,training
MG_827,68.45,training
MG_1290,67.06,training
MG_689,70.71,training
MG_1497,69.32,training
MG_877,65.84,training
MG_1314,67.93,training
MG_871,66.53,training
MG_1146,69.84,training
MG_1221,65.49,training
MG_979,69.14,training
MG_296,70.01,training
MG_134,65.66,training
MG_1446,72.1,training
MG_938,67.06,training
MG_1193,67.93,training
MG_190,66.01,training
MG_651,62.18,training
MG_179,68.1,training
MG_1049,69.67,training
MG_538,66.71,training
MG_1478,67.75,training
MG_1127,66.71,training
MG_961,68.8,training
MG_1283,70.54,training
MG_674,68.8,training
MG_354,69.84,training
MG_1139,71.06,training
MG_406,63.75,training
MG_1210,63.4,training
MG_802,68.27,training
MG_1185,68.45,training
MG_1120,68.1,training
MG_522,67.23,training
MG_811,69.14,training
MG_1241,67.93,training
MG_1077,69.49,training
MG_950,69.84,training
MG_653,68.1,training
MG_50,64.27,training
MG_317,67.4,training
MG_602,70.71,training
MG_459,66.88,training
MG_1501,68.27,training
MG_288,70.54,training
MG_1472,63.05,training
MG_1258,71.06,training
MG_394,66.71,training
MG_1124,70.36,training
MG_650,65.66,training
MG_1440,67.58,training
MG_809,68.62,training
MG_349,65.14,training
MG_96,67.4,training
MG_503,66.71,training
MG_279,68.45,training
MG_526,63.4,training
MG_1165,69.84,training
MG_137,61.83,training
MG_649,71.41,training
MG_175,69.49,training
MG_1396,67.4,training
MG_172,62.7,training
MG_72,64.79,training
MG_217,67.06,training
MG_199,69.32,training
MG_1166,70.89,training
MG_770,68.45,training
MG_550,64.97,training
MG_274,63.05,training
MG_1504,68.45,training
MG_81,68.62,training
MG_329,66.53,training
MG_957,68.8,training
MG_1167,70.54,training
MG_1151,73.94,training
MG_1412,65.14,training
MG_270,65.66,training
MG_968,68.8,training
MG_1232,62.35,training
MG_168,67.93,training
MG_107,67.23,training
MG_416,67.06,training
MG_336,67.58,training
MG_100,67.4,training
MG_157,64.97,training
MG_1240,70.36,training
MG_158,62.88,training
MG_478,68.62,training
MG_1217,64.97,training
MG_936,70.89,training
MG_149,64.27,training
MG_1510,67.93,training
MG_1046,64.1,training
MG_135,69.49,training
MG_562,69.14,training
MG_1259,69.49,training
MG_558,66.36,training
MG_575,68.33,training
MG_902,71.76,training
MG_282,66.36,training
MG_866,71.41,training
MG_1505,70.71,training
MG_1309,65.14,training
MG_197,63.4,training
MG_1113,71.93,training
MG_1162,69.84,training
MG_627,66.01,training
MG_616,66.88,training
MG_840,64.79,training
MG_1289,66.53,training
MG_84,66.53,training
MG_604,66.01,training
MG_1170,68.1,training
MG_810,63.57,training
MG_766,66.36,training
MG_719,67.06,training
MG_319,68.45,training
MG_1083,71.06,training
MG_506,69.67,training
MG_1345,64.44,training
MG_1220,66.71,training
MG_622,61.14,training
MG_1235,67.75,training
MG_880,67.58,training
MG_642,66.01,training
MG_628,66.18,training
MG_977,70.01,training
MG_715,69.67,training
MG_1257,69.14,training
MG_730,69.49,training
MG_1435,68.27,training
MG_1487,65.31,training
MG_709,69.84,training
MG_1325,69.32,training
MG_1277,68.97,training
MG_305,63.57,training
MG_754,68.27,training
MG_496,68.8,training
MG_233,68.62,training
MG_167,64.97,training
MG_637,67.06,training
MG_1475,64.44,training
MG_711,65.14,training
MG_507,62.35,training
MG_1223,70.19,training
MG_529,67.58,training
MG_1035,67.93,training
MG_591,69.49,training
MG_842,67.58,training
MG_958,66.71,training
MG_520,71.23,training
MG_1451,70.89,training
MG_1155,66.88,training
MG_237,62.01,training
MG_1175,71.58,training
MG_226,68.1,training
MG_1002,69.14,training
MG_410,65.31,training
MG_808,64.97,training
MG_891,70.89,training
MG_142,67.4,training
MG_964,67.06,training
MG_1272,64.27,training
MG_745,72.1,training
MG_372,66.36,training
MG_600,68.62,training
MG_885,71.93,training
MG_500,69.32,training
MG_1231,66.88,training
MG_492,70.19,training
MG_524,66.36,training
MG_1255,68.8,training
MG_772,66.36,training
MG_154,61.66,training
MG_363,67.06,training
MG_998,71.76,training
MG_268,68.62,training
MG_427,69.49,training
MG_535,72.97,training
MG_904,64.79,training
MG_497,65.84,training
MG_1156,71.76,training
MG_889,69.32,training
MG_1449,67.4,training
MG_1331,68.8,training
MG_280,63.57,training
MG_1097,65.84,training
MG_1492,71.06,training
MG_182,64.27,training
MG_415,64.27,training
MG_1302,70.54,training
MG_679,70.89,training
MG_198,67.75,training
MG_392,65.14,training
MG_592,69.49,training
MG_941,63.4,training
MG_1019,74.19,training
MG_593,66.01,training
MG_852,63.92,training
MG_1152,69.84,training
MG_608,67.58,training
MG_98,68.97,training
MG_1442,67.75,training
MG_851,69.32,training
MG_537,67.23,training
MG_439,64.97,training
MG_423,67.93,training
MG_479,66.71,training
MG_860,64.27,training
MG_210,69.67,training
MG_792,70.01,training
MG_405,66.36,training
MG_1023,69.49,training
MG_418,70.71,training
MG_247,66.71,training
MG_953,68.1,training
MG_185,67.4,training
MG_508,68.27,training
MG_919,67.4,training
MG_103,67.75,training
MG_1433,74.02,training
MG_786,64.1,training
MG_116,63.92,training
MG_1460,62.88,training
MG_301,66.36,training
MG_408,68.62,training
MG_621,66.71,training
MG_1426,69.49,training
MG_570,66.53,training
MG_887,67.06,training
MG_364,66.84,training
MG_596,70.71,training
MG_1203,67.58,training
MG_1219,67.23,training
MG_896,64.44,training
MG_1176,62.53,training
MG_947,63.75,training
MG_1332,65.66,training
MG_58,63.4,training
MG_1316,66.01,training
MG_151,59.92,training
MG_571,64.44,training
MG_352,67.4,training
MG_697,67.4,training
MG_613,63.57,training
MG_476,66.71,training
MG_1335,67.96,training
MG_204,66.36,training
MG_861,70.71,training
MG_1244,61.66,training
MG_901,67.06,training
MG_1287,71.41,training
MG_119,60.27,training
MG_946,64.44,training
MG_1036,69.86,training
MG_141,60.09,training
MG_594,62.88,training
MG_266,69.49,training
MG_73,66.53,training
MG_599,68.1,training
MG_898,61.31,training
MG_1211,70.01,training
MG_482,66.88,training
MG_894,68.97,training
MG_1006,64.1,training
MG_1200,66.01,training
MG_539,70.54,training
MG_94,65.31,training
MG_366,67.4,training
MG_1063,73.32,training
MG_228,68.62,training
MG_1250,67.93,training
MG_1150,68.27,training
MG_1249,64.27,training
MG_965,68.1,training
MG_923,64.97,training
MG_563,66.88,training
MG_1398,68.1,training
MG_472,69.49,training
MG_1131,70.54,training
MG_590,68.27,training
MG_464,64.27,training
MG_893,64.62,training
MG_1301,70.01,training
MG_1333,66.71,training
MG_1161,70.89,training
MG_117,66.71,training
MG_1405,69.14,training
MG_470,69.84,training
MG_1164,70.71,training
MG_633,63.23,training
MG_1013,66.18,training
MG_276,69.49,training
MG_351,60.96,training
MG_1444,62.18,training
MG_554,65.14,training
MG_897,72.1,training
MG_652,69.32,training
MG_1311,62.7,training
MG_1207,67.06,training
MG_1239,67.23,training
MG_171,65.14,training
MG_118,67.93,training
MG_442,64.79,training
MG_1427,68.8,training
MG_775,63.57,training
MG_831,71.58,training
MG_1044,69.84,training
MG_544,63.57,training
MG_1323,72.1,training
MG_696,69.14,training
MG_996,68.8,training
MG_704,66.88,training
MG_865,69.67,training
MG_1293,70.19,training
MG_576,66.36,training
MG_796,69.14,training
MG_155,69.49,training
MG_303,69.32,training
MG_85,68.27,training
MG_344,68.8,training
MG_299,60.96,training
MG_660,67.58,training
MG_1479,68.8,training
MG_949,68.8,training
MG_97,67.06,training
MG_1058,70.71,training
MG_1055,67.58,training
MG_433,68.27,training
MG_1413,67.4,training
MG_814,65.49,training
MG_892,69.67,training
MG_750,67.93,training
MG_826,70.89,training
MG_853,67.58,training
MG_334,71.23,training
MG_1215,66.36,training
MG_194,69.49,training
MG_330,63.4,training
MG_87,60.79,training
MG_355,71.93,training
MG_1406,68.62,training
MG_673,66.36,training
MG_722,66.71,training
MG_147,64.44,training
MG_1198,65.84,training
MG_490,66.18,training
MG_728,71.06,training
MG_632,64.1,training
MG_1078,65.84,training
MG_561,67.4,training
MG_239,63.57,training
MG_588,68.62,training
MG_983,70.89,training
MG_462,67.23,training
MG_532,67.23,training
MG_1303,68.62,training
MG_948,63.23,training
MG_342,66.88,training
MG_700,66.71,training
MG_320,69.84,training
MG_760,68.27,training
MG_755,66.71,training
MG_680,69.84,training
MG_661,69.14,training
MG_1125,62.88,training
MG_258,68.97,training
MG_404,67.06,training
MG_825,69.32,training
MG_833,64.97,training
MG_729,69.49,training
MG_1297,66.18,training
MG_1007,64.97,validation
MG_1009,69.67,validation
MG_101,70.36,validation
MG_1018,68.1,validation
MG_1030,66.71,validation
MG_1043,65.84,validation
MG_1062,66.18,validation
MG_1070,67.06,validation
MG_1072,65.66,validation
MG_1075,69.14,validation
MG_1079,69.49,validation
MG_1081,70.71,validation
MG_1089,70.54,validation
MG_1090,66.01,validation
MG_1094,68.45,validation
MG_1098,71.06,validation
MG_110,62.18,validation
MG_1104,63.23,validation
MG_1107,66.18,validation
MG_1112,69.14,validation
MG_1114,67.58,validation
MG_1128,66.53,validation
MG_1134,65.31,validation
MG_1135,70.01,validation
MG_114,68.45,validation
MG_1153,67.75,validation
MG_1154,72.1,validation
MG_1159,67.93,validation
MG_1171,65.84,validation
MG_1199,68.62,validation
MG_1206,69.14,validation
MG_1222,67.23,validation
MG_1229,64.62,validation
MG_1243,63.57,validation
MG_1265,67.58,validation
MG_1266,66.71,validation
MG_1274,69.32,validation
MG_1276,69.32,validation
MG_1291,67.75,validation
MG_1298,66.53,validation
MG_1329,70.01,validation
MG_139,63.57,validation
MG_1395,67.75,validation
MG_1421,71.06,validation
MG_143,67.4,validation
MG_1432,67.4,validation
MG_1441,71.23,validation
MG_1459,65.14,validation
MG_1490,63.75,validation
MG_150,65.31,validation
MG_180,66.18,validation
MG_219,65.66,validation
MG_225,70.71,validation
MG_240,67.58,validation
MG_249,72.45,validation
MG_251,67.75,validation
MG_265,67.58,validation
MG_267,63.23,validation
MG_272,69.84,validation
MG_284,65.31,validation
MG_348,65.84,validation
MG_357,69.01,validation
MG_369,64.79,validation
MG_378,63.57,validation
MG_381,65.84,validation
MG_386,63.05,validation
MG_387,70.36,validation
MG_391,74.1,validation
MG_407,64.1,validation
MG_409,69.67,validation
MG_413,66.53,validation
MG_419,67.06,validation
MG_420,70.54,validation
MG_448,66.71,validation
MG_468,70.89,validation
MG_502,68.8,validation
MG_505,69.84,validation
MG_515,72.28,validation
MG_530,66.01,validation
MG_552,65.84,validation
MG_555,68.8,validation
MG_567,67.4,validation
MG_598,71.76,validation
MG_611,70.19,validation
MG_624,67.93,validation
MG_625,69.49,validation
MG_629,67.58,validation
MG_631,67.75,validation
MG_639,68.8,validation
MG_658,69.14,validation
MG_659,67.58,validation
MG_668,72.45,validation
MG_672,67.06,validation
MG_675,67.58,validation
MG_68,66.71,validation
MG_684,67.06,validation
MG_688,67.58,validation
MG_693,66.71,validation
MG_70,64.44,validation
MG_702,69.14,validation
MG_712,68.27,validation
MG_725,63.4,validation
MG_734,67.06,validation
MG_746,71.06,validation
MG_762,66.71,validation
MG_767,67.23,validation
MG_769,69.67,validation
MG_777,66.71,validation
MG_780,65.84,validation
MG_787,67.23,validation
MG_793,69.84,validation
MG_801,68.8,validation
MG_807,66.88,validation
MG_812,66.88,validation
MG_813,66.36,validation
MG_819,67.06,validation
MG_821,73.32,validation
MG_822,64.1,validation
MG_828,66.88,validation
MG_829,68.8,validation
MG_838,60.44,validation
MG_846,63.4,validation
MG_854,70.54,validation
MG_857,72.8,validation
MG_86,64.79,validation
MG_869,64.27,validation
MG_872,66.18,validation
MG_878,65.49,validation
MG_884,63.05,validation
MG_899,69.84,validation
MG_907,64.97,validation
MG_932,67.75,validation
MG_933,63.92,validation
MG_935,67.58,validation
MG_952,66.88,validation
MG_959,69.14,validation
MG_963,66.36,validation
MG_981,68.62,validation
MG_984,69.67,validation
MG_986,65.66,validation
MG_987,65.49,validation
